<?xml version="1.0" encoding="UTF-8"?><?xml-stylesheet type='text/xsl' href='_UpgradeReport_Files/UpgradeReport.xslt'?><UpgradeLog>
<Properties><Property Name="Solution" Value="Winform_ExcelWarning">
</Property><Property Name="解决方案文件" Value="C:\Users\Administrator\Desktop\ExcelWarning\Winform_ExcelWarning\Winform_ExcelWarning.sln">
</Property><Property Name="Date" Value="2013年12月6日">
</Property><Property Name="Time" Value="8:53:20">
</Property></Properties><Event ErrorLevel="0" Project="BLL" Source="BLL\BLL.csproj" Description="项目文件已成功备份为 C:\Users\Administrator\Desktop\ExcelWarning\Winform_ExcelWarning\Backup\BLL.csproj">
</Event><Event ErrorLevel="0" Project="BLL" Source="BLL\BLL.csproj.user" Description="项目用户文件成功备份为 C:\Users\Administrator\Desktop\ExcelWarning\Winform_ExcelWarning\Backup\BLL.csproj.user">
</Event><Event ErrorLevel="0" Project="BLL" Source="BLL\AssemblyInfo.cs" Description="文件已成功备份为 C:\Users\Administrator\Desktop\ExcelWarning\Winform_ExcelWarning\Backup\AssemblyInfo.cs">
</Event><Event ErrorLevel="0" Project="BLL" Source="BLL\Log.cs" Description="文件已成功备份为 C:\Users\Administrator\Desktop\ExcelWarning\Winform_ExcelWarning\Backup\Log.cs">
</Event><Event ErrorLevel="0" Project="BLL" Source="BLL\Rule.cs" Description="文件已成功备份为 C:\Users\Administrator\Desktop\ExcelWarning\Winform_ExcelWarning\Backup\Rule.cs">
</Event><Event ErrorLevel="0" Project="BLL" Source="BLL\BLL.csproj" Description="项目已成功转换">
</Event><Event ErrorLevel="3" Project="BLL" Source="BLL\BLL.csproj" Description="Converted">
</Event><Event ErrorLevel="0" Project="BLL" Source="BLL\BLL.csproj" Description="扫描完成: 项目文件不需要升级。">
</Event></UpgradeLog>