<?xml version="1.0" encoding="UTF-8"?><?xml-stylesheet type='text/xsl' href='_UpgradeReport_Files/UpgradeReport.xslt'?><UpgradeLog>
<Properties><Property Name="Solution" Value="Winform_ExcelWarning">
</Property><Property Name="解决方案文件" Value="C:\Users\Administrator\Desktop\ExcelWarning\Winform_ExcelWarning\Winform_ExcelWarning.sln">
</Property><Property Name="Date" Value="2013年12月6日">
</Property><Property Name="Time" Value="11:51:28">
</Property><Property Name="日志号" Value="3">
</Property></Properties><Event ErrorLevel="0" Project="Model" Source="Model\Model.csproj" Description="项目文件已成功备份为 C:\Users\Administrator\Desktop\ExcelWarning\Winform_ExcelWarning\Backup1\Model.csproj">
</Event><Event ErrorLevel="0" Project="Model" Source="Model\Model.csproj.user" Description="项目用户文件成功备份为 C:\Users\Administrator\Desktop\ExcelWarning\Winform_ExcelWarning\Backup1\Model.csproj.user">
</Event><Event ErrorLevel="0" Project="Model" Source="Model\AssemblyInfo.cs" Description="文件已成功备份为 C:\Users\Administrator\Desktop\ExcelWarning\Winform_ExcelWarning\Backup1\AssemblyInfo.cs">
</Event><Event ErrorLevel="0" Project="Model" Source="Model\ExcelRule.cs" Description="文件已成功备份为 C:\Users\Administrator\Desktop\ExcelWarning\Winform_ExcelWarning\Backup1\ExcelRule.cs">
</Event><Event ErrorLevel="0" Project="Model" Source="Model\Log.cs" Description="文件已成功备份为 C:\Users\Administrator\Desktop\ExcelWarning\Winform_ExcelWarning\Backup1\Log.cs">
</Event><Event ErrorLevel="0" Project="Model" Source="Model\Model.csproj" Description="项目已成功转换">
</Event><Event ErrorLevel="3" Project="Model" Source="Model\Model.csproj" Description="Converted">
</Event><Event ErrorLevel="0" Project="Model" Source="Model\Model.csproj" Description="扫描完成: 项目文件不需要升级。">
</Event></UpgradeLog>